image,category,screen,human
zucchini_yellow_mosaic_virus_9.jpg,D_undecidable,D,
zucchini_yellow_mosaic_virus_11.jpg,A_missing_lesions,A,A
wheat_head_scab_Bing_0287.jpg,A_missing_lesions,A,A
plum_pocket_disease_google_0028.jpg,C_mask_ok_models_wrong,C,
citrus_greening_disease_85.jpg,C_mask_ok_models_wrong,C,A
citrus_canker_96.jpg,D_undecidable,D,A
citrus_greening_disease_google_0086.jpg,C_mask_ok_models_wrong,C,
grape_black_rot_216.jpg,C_mask_ok_models_wrong,C,
broccoli_alternaria_leaf_spot_Bing_0021.jpg,A_missing_lesions,A,A
broccoli_alternaria_leaf_spot_Bing_0023.jpg,A_missing_lesions,A,A
broccoli_alternaria_leaf_spot_Bing_0045.jpg,A_missing_lesions,A,A
broccoli_alternaria_leaf_spot_Bing_0054.jpg,A_missing_lesions,A,A
wheat_head_scab_Bing_0140.jpg,B_overinclusive,B,C
celery_anthracnose_google_0005.jpg,D_undecidable,D,
ginger_sheath_blight_33.jpg,C_mask_ok_models_wrong,C,
apple_black_rot_google_0001.jpg,A_missing_lesions,A,A
wheat_loose_smut_Bing_0178.jpg,C_mask_ok_models_wrong,C,
citrus_greening_disease_google_0110.jpg,B_overinclusive,B,B
ginger_sheath_blight_64.jpg,C_mask_ok_models_wrong,C,
coffee_berry_blotch_Google_0099.jpg,C_mask_ok_models_wrong,C,
ginger_sheath_blight_53.jpg,C_mask_ok_models_wrong,C,C
wheat_powdery_mildew_Bing_0115.jpg,C_mask_ok_models_wrong,C,
banana_bunchy_top_Bing_0020.jpg,C_mask_ok_models_wrong,C,
wheat_powdery_mildew_Bing_0080.jpg,C_mask_ok_models_wrong,C,
cucumber_powdery_mildew_28.jpg,C_mask_ok_models_wrong,C,
zucchini_yellow_mosaic_virus_67.jpg,B_overinclusive,B,B
wheat_loose_smut_Bing_0095.jpg,C_mask_ok_models_wrong,C,
apple_scab_google_0284.jpg,C_mask_ok_models_wrong,C,
wheat_head_scab_Google_0264.jpg,C_mask_ok_models_wrong,C,
plum_pocket_disease_google_0117.jpg,C_mask_ok_models_wrong,C,
banana_bunchy_top_Bing_0035.jpg,C_mask_ok_models_wrong,C,
plum_pocket_disease_23.jpg,C_mask_ok_models_wrong,C,
peach_leaf_curl_34.jpg,C_mask_ok_models_wrong,C,C
coffee_berry_blotch_Bing_0065.jpg,D_undecidable,D,
banana_bunchy_top_Bing_0165.jpg,C_mask_ok_models_wrong,C,
citrus_greening_disease_google_0186.jpg,C_mask_ok_models_wrong,C,
banana_bunchy_top_Bing_0260.jpg,C_mask_ok_models_wrong,C,
banana_cigar_end_rot_Google_0201.jpg,C_mask_ok_models_wrong,C,
wheat_stem_rust_Baidu_0007.jpg,B_overinclusive,B,B
tobacco_mosaic_virus_36.jpg,B_overinclusive,B,B
garlic_leaf_blight_19.jpg,C_mask_ok_models_wrong,C,
tomato_bacterial_leaf_spot_70.jpg,C_mask_ok_models_wrong,C,
cabbage_black_rot_Google_0343.jpg,C_mask_ok_models_wrong,C,
banana_bunchy_top_Baidu_0014.jpg,C_mask_ok_models_wrong,C,
plum_pocket_disease_google_0029.jpg,C_mask_ok_models_wrong,C,
ginger_sheath_blight_10.jpg,C_mask_ok_models_wrong,C,
wheat_stem_rust_Bing_0278.jpg,C_mask_ok_models_wrong,C,
tomato_bacterial_leaf_spot_120.jpg,C_mask_ok_models_wrong,C,
coffee_berry_blotch_Bing_0078.jpg,C_mask_ok_models_wrong,C,
broccoli_alternaria_leaf_spot_Bing_0019.jpg,B_overinclusive,B,C
coffee_berry_blotch_Bing_0106.jpg,B_overinclusive,B,C
maple_tar_spot_google_0020.jpg,B_overinclusive,B,B
celery_early_blight_52.jpg,C_mask_ok_models_wrong,C,
ginger_leaf_spot_11.jpg,C_mask_ok_models_wrong,C,
lettuce_mosaic_virus_24.jpg,C_mask_ok_models_wrong,C,
zucchini_yellow_mosaic_virus_google_0053.jpg,B_overinclusive,B,D
rice_sheath_blight_61.jpg,B_overinclusive,B,B
ginger_leaf_spot_105.jpg,C_mask_ok_models_wrong,C,
apple_scab_google_0121.jpg,C_mask_ok_models_wrong,C,
tobacco_blue_mold_Bing_0042.jpg,C_mask_ok_models_wrong,C,
wheat_bacterial_leaf_streak_(black_chaff)_Baidu_0253.jpg,C_mask_ok_models_wrong,C,
grape_downy_mildew_29.jpg,B_overinclusive,B,B
citrus_greening_disease_93.jpg,C_mask_ok_models_wrong,C,
ginger_sheath_blight_30.jpg,B_overinclusive,B,C
cucumber_bacterial_wilt_google_0249.jpg,C_mask_ok_models_wrong,C,
lettuce_mosaic_virus_google_0070.jpg,C_mask_ok_models_wrong,C,
grape_downy_mildew_90.jpg,C_mask_ok_models_wrong,C,
grape_leaf_spot_22.jpg,B_overinclusive,B,B
wheat_bacterial_leaf_streak_(black_chaff)_Baidu_0217.jpg,B_overinclusive,B,B
cucumber_powdery_mildew_73.jpg,C_mask_ok_models_wrong,C,
corn_northern_leaf_blight_google_0099.jpg,C_mask_ok_models_wrong,C,
zucchini_yellow_mosaic_virus_236.jpg,B_overinclusive,B,B
wheat_powdery_mildew_Bing_0054.jpg,C_mask_ok_models_wrong,C,C
zucchini_downy_mildew_Bing_0234.jpg,A_missing_lesions,A,A
cucumber_powdery_mildew_24.jpg,C_mask_ok_models_wrong,C,
wheat_septoria_blotch_blotch (79).jpg,C_mask_ok_models_wrong,C,C
banana_bunchy_top_Bing_0136.jpg,B_overinclusive,B,B
apple_black_rot_google_0052.jpg,C_mask_ok_models_wrong,C,
wheat_powdery_mildew_Baidu_0252.jpg,B_overinclusive,B,B
apple_scab_google_0268.jpg,C_mask_ok_models_wrong,C,
citrus_canker_google_0139.jpg,C_mask_ok_models_wrong,C,
eggplant_cercospora_leaf_spot_96.jpg,C_mask_ok_models_wrong,C,
raspberry_gray_mold_Google_0005.jpg,C_mask_ok_models_wrong,C,
carrot_alternaria_leaf_blight_Bing_0063.jpg,B_overinclusive,B,B
potato_early_blight_google_0097.jpg,C_mask_ok_models_wrong,C,
garlic_leaf_blight_google_0295.jpg,C_mask_ok_models_wrong,C,
tomato_bacterial_leaf_spot_9.jpg,B_overinclusive,B,B
zucchini_powdery_mildew_Bing_0248.jpg,B_overinclusive,B,B
bell_pepper_bacterial_spot_Bing_0119.jpg,A_missing_lesions,A,A
ginger_sheath_blight_13.jpg,C_mask_ok_models_wrong,C,
grape_downy_mildew_49.jpg,A_missing_lesions,A,A
grape_downy_mildew_google_0080.jpg,C_mask_ok_models_wrong,C,
carrot_cavity_spot_google_0140.jpg,C_mask_ok_models_wrong,C,
celery_anthracnose_google_0003.jpg,C_mask_ok_models_wrong,C,
apple_scab_14.jpg,C_mask_ok_models_wrong,C,
maple_tar_spot_google_0085.jpg,C_mask_ok_models_wrong,C,
tobacco_frogeye_leaf_spot_Bing_0002.jpg,C_mask_ok_models_wrong,C,
banana_bunchy_top_Bing_0105.jpg,C_mask_ok_models_wrong,C,
blueberry_scorch_Bing_0221.jpg,C_mask_ok_models_wrong,C,
banana_bunchy_top_Bing_0306.jpg,C_mask_ok_models_wrong,C,
grape_downy_mildew_131.jpg,B_overinclusive,B,B
soybean_downy_mildew_Bing_0083.jpg,B_overinclusive,B,B
raspberry_fire_blight_Google_0221.jpg,C_mask_ok_models_wrong,C,
garlic_leaf_blight_google_0226.jpg,D_undecidable,D,
apple_black_rot_google_0077.jpg,B_overinclusive,B,B
cucumber_powdery_mildew_13.jpg,C_mask_ok_models_wrong,C,
apple_black_rot_google_0097.jpg,C_mask_ok_models_wrong,C,
rice_sheath_blight_8.jpg,C_mask_ok_models_wrong,C,C
coffee_leaf_rust_google_0109.jpg,A_missing_lesions,A,A
bean_halo_blight_google_0093.jpg,C_mask_ok_models_wrong,C,
citrus_greening_disease_24.jpg,C_mask_ok_models_wrong,C,
wheat_loose_smut_Bing_0283.jpg,C_mask_ok_models_wrong,C,
potato_early_blight_google_0077.jpg,C_mask_ok_models_wrong,C,
cucumber_powdery_mildew_70.jpg,C_mask_ok_models_wrong,C,
bell_pepper_bacterial_spot_Bing_0036.jpg,B_overinclusive,B,C
cherry_leaf_spot_google_0064.jpg,C_mask_ok_models_wrong,C,C
carrot_alternaria_leaf_blight_Google_0060.jpg,C_mask_ok_models_wrong,C,
coffee_berry_blotch_Bing_0073.jpg,D_undecidable,D,
rice_sheath_blight_57.jpg,C_mask_ok_models_wrong,C,
tomato_bacterial_leaf_spot_19.jpg,C_mask_ok_models_wrong,C,C
banana_bunchy_top_Baidu_0140.jpg,C_mask_ok_models_wrong,C,
tomato_septoria_leaf_spot_18.jpg,C_mask_ok_models_wrong,C,C
tomato_yellow_leaf_curl_virus_google_0146.jpg,C_mask_ok_models_wrong,C,
raspberry_gray_mold_Bing_0039.jpg,D_undecidable,D,C
raspberry_fire_blight_Bing_0190.jpg,C_mask_ok_models_wrong,C,
apple_scab_google_0288.jpg,C_mask_ok_models_wrong,C,
zucchini_powdery_mildew_Google_0389.jpg,A_missing_lesions,A,A
cucumber_bacterial_wilt_google_0099.jpg,C_mask_ok_models_wrong,C,
zucchini_powdery_mildew_Bing_0010.jpg,A_missing_lesions,A,A
wheat_stem_rust_Google_0274.jpg,C_mask_ok_models_wrong,C,
carrot_cercospora_leaf_blight_Bing_0001.jpg,C_mask_ok_models_wrong,C,
bell_pepper_frogeye_leaf_spot_Bing_0008.jpg,A_missing_lesions,A,C
eggplant_cercospora_leaf_spot_33.jpg,C_mask_ok_models_wrong,C,C
wheat_powdery_mildew_Baidu_0044.jpg,B_overinclusive,B,B
wheat_septoria_blotch_Google_0140.jpg,C_mask_ok_models_wrong,C,
zucchini_bacterial_wilt_Google_0024.jpg,B_overinclusive,B,B
broccoli_downy_mildew_9.jpg,C_mask_ok_models_wrong,C,
apple_scab_google_0132.jpg,C_mask_ok_models_wrong,C,C
apple_scab_google_0124.jpg,C_mask_ok_models_wrong,C,
lettuce_mosaic_virus_google_0076.jpg,B_overinclusive,B,C
rice_blast_62.jpg,C_mask_ok_models_wrong,C,
raspberry_yellow_rust_Bing_0007.jpg,C_mask_ok_models_wrong,C,
cucumber_bacterial_wilt_google_0017.jpg,C_mask_ok_models_wrong,C,C
garlic_leaf_blight_46.jpg,C_mask_ok_models_wrong,C,
banana_bunchy_top_Bing_0262.jpg,C_mask_ok_models_wrong,C,
bell_pepper_frogeye_leaf_spot_Bing_0112.jpg,C_mask_ok_models_wrong,C,
apple_mosaic_virus_57.jpg,A_missing_lesions,A,C
soybean_frog_eye_leaf_spot_Bing_0126.jpg,B_overinclusive,B,D
corn_northern_leaf_blight_google_0088.jpg,C_mask_ok_models_wrong,C,
apple_black_rot_google_0160.jpg,B_overinclusive,B,B
basil_downy_mildew_google_0083.jpg,A_missing_lesions,A,A
ginger_sheath_blight_41.jpg,C_mask_ok_models_wrong,C,
tomato_leaf_mold_196.jpg,C_mask_ok_models_wrong,C,
soybean_mosaic_Baidu_0089.jpg,C_mask_ok_models_wrong,C,
banana_bunchy_top_Bing_0098.jpg,C_mask_ok_models_wrong,C,
cherry_leaf_spot_google_0042.jpg,C_mask_ok_models_wrong,C,
lettuce_mosaic_virus_google_0050.jpg,B_overinclusive,B,D
wheat_head_scab_Bing_0178.jpg,C_mask_ok_models_wrong,C,
peach_leaf_curl_6.jpg,C_mask_ok_models_wrong,C,
banana_panama_disease_126.jpg,C_mask_ok_models_wrong,C,
celery_anthracnose_google_0007.jpg,C_mask_ok_models_wrong,C,
citrus_greening_disease_google_0078.jpg,C_mask_ok_models_wrong,C,
wheat_loose_smut_Bing_0199.jpg,C_mask_ok_models_wrong,C,
bell_pepper_powdery_mildew_Google_0012.jpg,B_overinclusive,B,B
cauliflower_alternaria_leaf_spot_google_0045.jpg,C_mask_ok_models_wrong,C,
cucumber_bacterial_wilt_google_0027.jpg,C_mask_ok_models_wrong,C,
corn_northern_leaf_blight_google_0023.jpg,B_overinclusive,B,B
carrot_cavity_spot_google_0152.jpg,C_mask_ok_models_wrong,C,
rice_sheath_blight_43.jpg,C_mask_ok_models_wrong,C,
plum_rust_Bing_0048.jpg,B_overinclusive,B,B
eggplant_phomopsis_fruit_rot_Google_0017.jpg,B_overinclusive,B,B
soybean_downy_mildew_Google_0068.jpg,C_mask_ok_models_wrong,C,B
wheat_stem_rust_Bing_0286.jpg,B_overinclusive,B,B
blueberry_botrytis_blight_Bing_0058.jpg,C_mask_ok_models_wrong,C,C
ginger_sheath_blight_2.jpg,C_mask_ok_models_wrong,C,
corn_northern_leaf_blight_69.jpg,C_mask_ok_models_wrong,C,
corn_northern_leaf_blight_2.jpg,C_mask_ok_models_wrong,C,
corn_rust_32.jpg,B_overinclusive,B,B
apple_scab_google_0065.jpg,C_mask_ok_models_wrong,C,
apple_rust_71.jpg,C_mask_ok_models_wrong,C,
zucchini_powdery_mildew_Bing_0046.jpg,A_missing_lesions,A,A
rice_sheath_blight_198.jpg,C_mask_ok_models_wrong,C,
banana_bunchy_top_Bing_0291.jpg,C_mask_ok_models_wrong,C,
tobacco_brown_spot_Bing_0047.jpg,C_mask_ok_models_wrong,C,
apple_scab_26.jpg,C_mask_ok_models_wrong,C,
wheat_loose_smut_Bing_0136.jpg,C_mask_ok_models_wrong,C,
cucumber_bacterial_wilt_google_0066.jpg,C_mask_ok_models_wrong,C,C
cucumber_angular_leaf_spot_google_0085.jpg,C_mask_ok_models_wrong,C,
plum_pox_virus_Google_0040.jpg,C_mask_ok_models_wrong,C,
wheat_powdery_mildew_Baidu_0295.jpg,C_mask_ok_models_wrong,C,
maple_tar_spot_google_0042.jpg,C_mask_ok_models_wrong,C,
garlic_leaf_blight_3.jpg,A_missing_lesions,A,C
corn_northern_leaf_blight_81.jpg,A_missing_lesions,A,D
ginger_sheath_blight_89.jpg,C_mask_ok_models_wrong,C,C
wheat_powdery_mildew_Baidu_0040.jpg,B_overinclusive,B,B
banana_bunchy_top_Bing_0256.jpg,B_overinclusive,B,B
banana_bunchy_top_Baidu_0064.jpg,A_missing_lesions,A,A
cucumber_angular_leaf_spot_20.jpg,B_overinclusive,B,C
tomato_bacterial_leaf_spot_google_0103.jpg,B_overinclusive,B,B
tomato_mosaic_virus_33.jpg,C_mask_ok_models_wrong,C,B
tomato_yellow_leaf_curl_virus_99.jpg,C_mask_ok_models_wrong,C,
cucumber_bacterial_wilt_50.jpg,C_mask_ok_models_wrong,C,
tomato_early_blight_google_0000.jpg,B_overinclusive,B,C
rice_blast_google_0050.jpg,C_mask_ok_models_wrong,C,
tomato_late_blight_142.jpg,B_overinclusive,B,C
ginger_sheath_blight_google_0007.jpg,A_missing_lesions,A,C
peach_leaf_curl_google_0305.jpg,C_mask_ok_models_wrong,C,
cucumber_bacterial_wilt_google_0143.jpg,C_mask_ok_models_wrong,C,
citrus_greening_disease_google_0079.jpg,C_mask_ok_models_wrong,C,
tobacco_mosaic_virus_117.jpg,B_overinclusive,B,B
carrot_alternaria_leaf_blight_Bing_0071.jpg,C_mask_ok_models_wrong,C,
soybean_downy_mildew_Google_0256.jpg,C_mask_ok_models_wrong,C,
bean_halo_blight_google_0189.jpg,C_mask_ok_models_wrong,C,C
blueberry_anthracnose_Bing_0128.jpg,A_missing_lesions,A,A
wheat_powdery_mildew_Baidu_0141.jpg,B_overinclusive,B,B
celery_anthracnose_google_0035.jpg,C_mask_ok_models_wrong,C,
wheat_stem_rust_Bing_0279.jpg,C_mask_ok_models_wrong,C,
blueberry_mummy_berry_Bing_0006.jpg,B_overinclusive,B,B
wheat_head_scab_Baidu_0111.jpg,B_overinclusive,B,D
coffee_berry_blotch_Bing_0018.jpg,C_mask_ok_models_wrong,C,
banana_bunchy_top_Baidu_0019.jpg,C_mask_ok_models_wrong,C,
cabbage_black_rot_Bing_0145.jpg,C_mask_ok_models_wrong,C,C
tomato_early_blight_321.jpg,C_mask_ok_models_wrong,C,
tomato_yellow_leaf_curl_virus_google_0032.jpg,C_mask_ok_models_wrong,C,
cherry_leaf_spot_12.jpg,C_mask_ok_models_wrong,C,
cucumber_powdery_mildew_183.jpg,C_mask_ok_models_wrong,C,
ginger_sheath_blight_161.jpg,C_mask_ok_models_wrong,C,
cherry_leaf_spot_google_0260.jpg,C_mask_ok_models_wrong,C,
banana_bunchy_top_Google_0096.jpg,B_overinclusive,B,B
banana_bunchy_top_Baidu_0017.jpg,C_mask_ok_models_wrong,C,
citrus_canker_google_0051.jpg,C_mask_ok_models_wrong,C,
celery_anthracnose_google_0090.jpg,C_mask_ok_models_wrong,C,C
carrot_alternaria_leaf_blight_Bing_0091.jpg,C_mask_ok_models_wrong,C,
wheat_powdery_mildew_Baidu_0089.jpg,C_mask_ok_models_wrong,C,
blueberry_botrytis_blight_Bing_0158.jpg,C_mask_ok_models_wrong,C,C
citrus_canker_130.jpg,C_mask_ok_models_wrong,C,C
apple_scab_51.jpg,C_mask_ok_models_wrong,C,
tomato_bacterial_leaf_spot_google_0276.jpg,B_overinclusive,B,B
zucchini_bacterial_wilt_Bing_0010.jpg,B_overinclusive,B,B
squash_powdery_mildew_32.jpg,B_overinclusive,B,B
raspberry_fire_blight_Bing_0018.jpg,B_overinclusive,B,D
wheat_septoria_blotch_google_septoria (23).jpg,B_overinclusive,B,B
wheat_stripe_rust_Baidu_0243.jpg,C_mask_ok_models_wrong,C,
banana_anthracnose_Bing_0004.jpg,C_mask_ok_models_wrong,C,
tomato_yellow_leaf_curl_virus_4.jpg,C_mask_ok_models_wrong,C,
rice_sheath_blight_21.jpg,C_mask_ok_models_wrong,C,
soybean_frog_eye_leaf_spot_Bing_0224.jpg,B_overinclusive,B,B
peach_leaf_curl_2.jpg,C_mask_ok_models_wrong,C,
zucchini_powdery_mildew_Bing_0195.jpg,A_missing_lesions,A,A
coffee_berry_blotch_Bing_0010.jpg,C_mask_ok_models_wrong,C,
grape_downy_mildew_203.jpg,C_mask_ok_models_wrong,C,
zucchini_bacterial_wilt_Bing_0003.jpg,C_mask_ok_models_wrong,C,
lettuce_mosaic_virus_16.jpg,C_mask_ok_models_wrong,C,
tomato_yellow_leaf_curl_virus_google_0114.jpg,C_mask_ok_models_wrong,C,
citrus_canker_5.jpg,C_mask_ok_models_wrong,C,
eggplant_cercospora_leaf_spot_google_0045.jpg,C_mask_ok_models_wrong,C,
corn_smut_google_0200.jpg,C_mask_ok_models_wrong,C,
wheat_stem_rust_Google_0333.jpg,B_overinclusive,B,C
eggplant_cercospora_leaf_spot_google_0018.jpg,A_missing_lesions,A,C
cabbage_downy_mildew_Bing_0043.jpg,A_missing_lesions,A,A
tomato_septoria_leaf_spot_google_0053.jpg,C_mask_ok_models_wrong,C,
zucchini_downy_mildew_Bing_0047.jpg,C_mask_ok_models_wrong,C,
apple_scab_google_0153.jpg,C_mask_ok_models_wrong,C,
garlic_rust_98.jpg,B_overinclusive,B,C
cucumber_bacterial_wilt_38.jpg,A_missing_lesions,A,A
carrot_cavity_spot_google_0161.jpg,C_mask_ok_models_wrong,C,
rice_blast_google_0009.jpg,C_mask_ok_models_wrong,C,
wheat_head_scab_Baidu_0404.jpg,C_mask_ok_models_wrong,C,
coffee_berry_blotch_Bing_0170.jpg,C_mask_ok_models_wrong,C,
cabbage_black_rot_Bing_0018.jpg,C_mask_ok_models_wrong,C,
cherry_powdery_mildew_60.jpg,C_mask_ok_models_wrong,C,
carrot_cavity_spot_google_0193.jpg,C_mask_ok_models_wrong,C,
banana_bunchy_top_Baidu_0084.jpg,C_mask_ok_models_wrong,C,
cauliflower_bacterial_soft_rot_Bing_0009.jpg,B_overinclusive,B,B
potato_early_blight_google_0153.jpg,C_mask_ok_models_wrong,C,
banana_bunchy_top_Google_0050.jpg,B_overinclusive,B,B
corn_northern_leaf_blight_google_0059.jpg,C_mask_ok_models_wrong,C,
cucumber_powdery_mildew_197.jpg,A_missing_lesions,A,C
corn_northern_leaf_blight_google_0041.jpg,C_mask_ok_models_wrong,C,
peach_brown_rot_Bing_0216.jpg,C_mask_ok_models_wrong,C,
grape_leaf_spot_157.jpg,A_missing_lesions,A,A
tomato_yellow_leaf_curl_virus_15.jpg,B_overinclusive,B,B
banana_cigar_end_rot_Google_0101.jpg,A_missing_lesions,A,A
maple_tar_spot_google_0074.jpg,C_mask_ok_models_wrong,C,
tomato_yellow_leaf_curl_virus_40.jpg,C_mask_ok_models_wrong,C,
raspberry_leaf_spot_Google_0115.jpg,C_mask_ok_models_wrong,C,
tobacco_blue_mold_Bing_0083.jpg,C_mask_ok_models_wrong,C,
coffee_berry_blotch_Bing_0001.jpg,C_mask_ok_models_wrong,C,
peach_leaf_curl_google_0128.jpg,C_mask_ok_models_wrong,C,
garlic_leaf_blight_58.jpg,C_mask_ok_models_wrong,C,
tomato_early_blight_google_0056.jpg,C_mask_ok_models_wrong,C,
cherry_leaf_spot_google_0216.jpg,A_missing_lesions,A,C
tomato_leaf_mold_264.jpg,C_mask_ok_models_wrong,C,
citrus_greening_disease_google_0182.jpg,C_mask_ok_models_wrong,C,C
cherry_powdery_mildew_107.jpg,B_overinclusive,B,B
wheat_stem_rust_Google_0101.jpg,C_mask_ok_models_wrong,C,
cucumber_bacterial_wilt_184.jpg,B_overinclusive,B,B
apple_scab_18.jpg,C_mask_ok_models_wrong,C,
wheat_powdery_mildew_Baidu_0070.jpg,C_mask_ok_models_wrong,C,
cucumber_powdery_mildew_google_0065.jpg,C_mask_ok_models_wrong,C,
wheat_stem_rust_Bing_0233.jpg,C_mask_ok_models_wrong,C,
wheat_head_scab_Baidu_0018.jpg,C_mask_ok_models_wrong,C,
cucumber_bacterial_wilt_google_0076.jpg,C_mask_ok_models_wrong,C,C
grape_black_rot_google_0011.jpg,B_overinclusive,B,B
potato_early_blight_google_0076.jpg,C_mask_ok_models_wrong,C,
corn_gray_leaf_spot_google_0089.jpg,B_overinclusive,B,B
blueberry_rust_google_0031.jpg,C_mask_ok_models_wrong,C,
tomato_leaf_mold_google_0174.jpg,C_mask_ok_models_wrong,C,
zucchini_bacterial_wilt_Bing_0026.jpg,C_mask_ok_models_wrong,C,C
wheat_loose_smut_Bing_0245.jpg,C_mask_ok_models_wrong,C,
blueberry_anthracnose_Bing_0004.jpg,B_overinclusive,B,C
cucumber_powdery_mildew_69.jpg,B_overinclusive,B,C
tomato_bacterial_leaf_spot_71.jpg,C_mask_ok_models_wrong,C,
cucumber_bacterial_wilt_69.jpg,B_overinclusive,B,B
bell_pepper_frogeye_leaf_spot_Bing_0002.jpg,C_mask_ok_models_wrong,C,C
cucumber_bacterial_wilt_14.jpg,C_mask_ok_models_wrong,C,
tomato_late_blight_147.jpg,C_mask_ok_models_wrong,C,
ginger_leaf_spot_google_0000.jpg,B_overinclusive,B,C
wheat_septoria_blotch_blotch (24).jpg,C_mask_ok_models_wrong,C,
cabbage_downy_mildew_Bing_0035.jpg,C_mask_ok_models_wrong,C,
wheat_head_scab_Baidu_0368.jpg,B_overinclusive,B,B
wheat_head_scab_Bing_0040.jpg,C_mask_ok_models_wrong,C,
tomato_leaf_mold_148.jpg,B_overinclusive,B,B
cherry_leaf_spot_google_0180.jpg,C_mask_ok_models_wrong,C,
tomato_septoria_leaf_spot_google_0205.jpg,B_overinclusive,B,C
broccoli_downy_mildew_google_0048.jpg,B_overinclusive,B,C
wheat_bacterial_leaf_streak_(black_chaff)_Baidu_0241.jpg,A_missing_lesions,A,C
zucchini_bacterial_wilt_Google_0060.jpg,C_mask_ok_models_wrong,C,
garlic_leaf_blight_163.jpg,B_overinclusive,B,C
bell_pepper_bacterial_spot_Bing_0008.jpg,C_mask_ok_models_wrong,C,
cucumber_powdery_mildew_227.jpg,A_missing_lesions,A,A
potato_late_blight_96.jpg,C_mask_ok_models_wrong,C,
wheat_bacterial_leaf_streak_(black_chaff)_black_chaff (9).jpg,C_mask_ok_models_wrong,C,C
wheat_stem_rust_Bing_0011.jpg,B_overinclusive,B,B
peach_leaf_curl_google_0199.jpg,A_missing_lesions,A,D
bell_pepper_blossom_end_rot_Bing_0195.jpg,A_missing_lesions,A,C
coffee_leaf_rust_google_0135.jpg,C_mask_ok_models_wrong,C,
tomato_bacterial_leaf_spot_google_0163.jpg,B_overinclusive,B,B
grape_leaf_spot_google_0046.jpg,A_missing_lesions,A,A
broccoli_alternaria_leaf_spot_Google_0005.jpg,A_missing_lesions,A,A
apple_scab_google_0130.jpg,C_mask_ok_models_wrong,C,
zucchini_downy_mildew_Bing_0159.jpg,C_mask_ok_models_wrong,C,
peach_brown_rot_Bing_0293.jpg,C_mask_ok_models_wrong,C,
wheat_bacterial_leaf_streak_(black_chaff)_Baidu_0031.jpg,C_mask_ok_models_wrong,C,
maple_tar_spot_google_0066.jpg,C_mask_ok_models_wrong,C,
cherry_leaf_spot_32.jpg,A_missing_lesions,A,C
bell_pepper_bacterial_spot_Bing_0105.jpg,B_overinclusive,B,C
wheat_stripe_rust_Baidu_0011.jpg,B_overinclusive,B,B
tomato_bacterial_leaf_spot_63.jpg,C_mask_ok_models_wrong,C,C
grape_downy_mildew_google_0026.jpg,C_mask_ok_models_wrong,C,
coffee_berry_blotch_Bing_0105.jpg,C_mask_ok_models_wrong,C,
zucchini_bacterial_wilt_Bing_0015.jpg,C_mask_ok_models_wrong,C,
tomato_leaf_mold_31.jpg,C_mask_ok_models_wrong,C,
cucumber_angular_leaf_spot_google_0116.jpg,A_missing_lesions,A,C
citrus_greening_disease_google_0183.jpg,C_mask_ok_models_wrong,C,
bell_pepper_bacterial_spot_Bing_0028.jpg,C_mask_ok_models_wrong,C,
soybean_downy_mildew_Bing_0038.jpg,C_mask_ok_models_wrong,C,
tomato_late_blight_google_0059.jpg,C_mask_ok_models_wrong,C,
rice_blast_38.jpg,C_mask_ok_models_wrong,C,
potato_early_blight_google_0265.jpg,B_overinclusive,B,B
potato_early_blight_google_0024.jpg,C_mask_ok_models_wrong,C,
tomato_early_blight_google_0177.jpg,C_mask_ok_models_wrong,C,
cucumber_bacterial_wilt_google_0030.jpg,C_mask_ok_models_wrong,C,
